Workbook

Sheet Shipment_Master
A1: Export Shipment Control — Shipment Master
A2: Validation asset — sample data included. Replace sample rows with your own test shipment data.
A3: Column I is system-generated and protected. Use Column J for operational notes. | This workbook is a documentation cross-check aid, not a substitute for official CHA/customs clearance review. Verify all findings independently before shipment.
A4: Shipment ID | B4: Buyer Name | C4: Invoice No. | D4: Destination Port | E4: Shipping Line | F4: Target ETD | G4: Target ETA | H4: CHA / Forwarder | I4: Overall Status | J4: Operational Notes
A5: EXP-2026-001 | B5: ABC Trading Co. | C5: INV/26-27/0104 | D5: Port Klang (MYPKG) | E5: Maersk | F5: 46254 | G5: 46267 | H5: XYZ Logistics | I5: =IF(A5="","",IF(COUNTIFS(Exception_Log!$B$5:$B$104,A5,Exception_Log!$H$5:$H$104,"<>Closed",Exception_Log!$F$5:$F$104,"*Critical*")>0,"Audit - Issues Found",IF(COUNTIFS(Logistics_Log!$A$5:$A$104,A5,Logistics_Log!$H$5:$H$104,"🔴*")>0,"Audit - Issues Found",IF(COUNTIFS(Manual_Check!$G$5:$G$104,A5,Manual_Check!$E$5:$E$104,"*Mismatch*")>0,"Audit - Issues Found",IF(IFERROR(VLOOKUP(A5,Doc_Checklist!$A$5:$G$104,7,FALSE()),"")="Ready for Audit","Ready for Audit","Documents Pending"))))) -> Audit - Issues Found
A6: EXP-2026-002 | B6: Delta Imports Ltd. | C6: INV/26-27/0105 | D6: Singapore (SGSIN) | E6: MSC | F6: 46256 | G6: 46269 | H6: ABC Forwarders | I6: =IF(A6="","",IF(COUNTIFS(Exception_Log!$B$5:$B$104,A6,Exception_Log!$H$5:$H$104,"<>Closed",Exception_Log!$F$5:$F$104,"*Critical*")>0,"Audit - Issues Found",IF(COUNTIFS(Logistics_Log!$A$5:$A$104,A6,Logistics_Log!$H$5:$H$104,"🔴*")>0,"Audit - Issues Found",IF(COUNTIFS(Manual_Check!$G$5:$G$104,A6,Manual_Check!$E$5:$E$104,"*Mismatch*")>0,"Audit - Issues Found",IF(IFERROR(VLOOKUP(A6,Doc_Checklist!$A$5:$G$104,7,FALSE()),"")="Ready for Audit","Ready for Audit","Documents Pending"))))) -> Ready for Audit
A7: EXP-2026-003 | B7: Gamma Industrial Co. | C7: INV/26-27/0106 | D7: Jebel Ali (AEJEA) | E7: CMA CGM | F7: 46259 | G7: 46275 | H7: DEF Logistics | I7: =IF(A7="","",IF(COUNTIFS(Exception_Log!$B$5:$B$104,A7,Exception_Log!$H$5:$H$104,"<>Closed",Exception_Log!$F$5:$F$104,"*Critical*")>0,"Audit - Issues Found",IF(COUNTIFS(Logistics_Log!$A$5:$A$104,A7,Logistics_Log!$H$5:$H$104,"🔴*")>0,"Audit - Issues Found",IF(COUNTIFS(Manual_Check!$G$5:$G$104,A7,Manual_Check!$E$5:$E$104,"*Mismatch*")>0,"Audit - Issues Found",IF(IFERROR(VLOOKUP(A7,Doc_Checklist!$A$5:$G$104,7,FALSE()),"")="Ready for Audit","Ready for Audit","Documents Pending"))))) -> Audit - Issues Found
A8: EXP-TEST-004 | B8: Global Homeware Ltd. | C8: INV-00457 | D8: Port Klang | E8: MSC | F8: 46280 | G8: 46290 | H8: ABC Logistics | I8: =IF(A8="","",IF(COUNTIFS(Exception_Log!$B$5:$B$104,A8,Exception_Log!$H$5:$H$104,"<>Closed",Exception_Log!$F$5:$F$104,"*Critical*")>0,"Audit - Issues Found",IF(COUNTIFS(Logistics_Log!$A$5:$A$104,A8,Logistics_Log!$H$5:$H$104,"🔴*")>0,"Audit - Issues Found",IF(COUNTIFS(Manual_Check!$G$5:$G$104,A8,Manual_Check!$E$5:$E$104,"*Mismatch*")>0,"Audit - Issues Found",IF(IFERROR(VLOOKUP(A8,Doc_Checklist!$A$5:$G$104,7,FALSE()),"")="Ready for Audit","Ready for Audit","Documents Pending"))))) -> Ready for Audit
A9: EXP-TEST-005 | B9: Global Textiles Ltd. | C9: INV-00521 | D9: Port Klang | E9: Maersk | F9: 46285 | G9: 46295 | H9: XYZ Logistics | I9: =IF(A9="","",IF(COUNTIFS(Exception_Log!$B$5:$B$104,A9,Exception_Log!$H$5:$H$104,"<>Closed",Exception_Log!$F$5:$F$104,"*Critical*")>0,"Audit - Issues Found",IF(COUNTIFS(Logistics_Log!$A$5:$A$104,A9,Logistics_Log!$H$5:$H$104,"🔴*")>0,"Audit - Issues Found",IF(COUNTIFS(Manual_Check!$G$5:$G$104,A9,Manual_Check!$E$5:$E$104,"*Mismatch*")>0,"Audit - Issues Found",IF(IFERROR(VLOOKUP(A9,Doc_Checklist!$A$5:$G$104,7,FALSE()),"")="Ready for Audit","Ready for Audit","Documents Pending"))))) -> Audit - Issues Found | J9: Final validation test
A10: EXP-TEST-006 | B10: Sunrise Apparel Inc. | C10: INV-00610 | D10: Hamburg | E10: Hapag-Lloyd | F10: 46293 | G10: 46313 | H10: Sea Hawk Lines | I10: =IF(A10="","",IF(COUNTIFS(Exception_Log!$B$5:$B$104,A10,Exception_Log!$H$5:$H$104,"<>Closed",Exception_Log!$F$5:$F$104,"*Critical*")>0,"Audit - Issues Found",IF(COUNTIFS(Logistics_Log!$A$5:$A$104,A10,Logistics_Log!$H$5:$H$104,"🔴*")>0,"Audit - Issues Found",IF(COUNTIFS(Manual_Check!$G$5:$G$104,A10,Manual_Check!$E$5:$E$104,"*Mismatch*")>0,"Audit - Issues Found",IF(IFERROR(VLOOKUP(A10,Doc_Checklist!$A$5:$G$104,7,FALSE()),"")="Ready for Audit","Ready for Audit","Documents Pending"))))) -> Ready for Audit
I11: =IF(A11="","",IF(COUNTIFS(Exception_Log!$B$5:$B$104,A11,Exception_Log!$H$5:$H$104,"<>Closed",Exception_Log!$F$5:$F$104,"*Critical*")>0,"Audit - Issues Found",IF(COUNTIFS(Logistics_Log!$A$5:$A$104,A11,Logistics_Log!$H$5:$H$104,"🔴*")>0,"Audit - Issues Found",IF(COUNTIFS(Manual_Check!$G$5:$G$104,A11,Manual_Check!$E$5:$E$104,"*Mismatch*")>0,"Audit - Issues Found",IF(IFERROR(VLOOKUP(A11,Doc_Checklist!$A$5:$G$104,7,FALSE()),"")="Ready for Audit","Ready for Audit","Documents Pending")))))
I12: =IF(A12="","",IF(COUNTIFS(Exception_Log!$B$5:$B$104,A12,Exception_Log!$H$5:$H$104,"<>Closed",Exception_Log!$F$5:$F$104,"*Critical*")>0,"Audit - Issues Found",IF(COUNTIFS(Logistics_Log!$A$5:$A$104,A12,Logistics_Log!$H$5:$H$104,"🔴*")>0,"Audit - Issues Found",IF(COUNTIFS(Manual_Check!$G$5:$G$104,A12,Manual_Check!$E$5:$E$104,"*Mismatch*")>0,"Audit - Issues Found",IF(IFERROR(VLOOKUP(A12,Doc_Checklist!$A$5:$G$104,7,FALSE()),"")="Ready for Audit","Ready for Audit","Documents Pending")))))
I13: =IF(A13="","",IF(COUNTIFS(Exception_Log!$B$5:$B$104,A13,Exception_Log!$H$5:$H$104,"<>Closed",Exception_Log!$F$5:$F$104,"*Critical*")>0,"Audit - Issues Found",IF(COUNTIFS(Logistics_Log!$A$5:$A$104,A13,Logistics_Log!$H$5:$H$104,"🔴*")>0,"Audit - Issues Found",IF(COUNTIFS(Manual_Check!$G$5:$G$104,A13,Manual_Check!$E$5:$E$104,"*Mismatch*")>0,"Audit - Issues Found",IF(IFERROR(VLOOKUP(A13,Doc_Checklist!$A$5:$G$104,7,FALSE()),"")="Ready for Audit","Ready for Audit","Documents Pending")))))
I14: =IF(A14="","",IF(COUNTIFS(Exception_Log!$B$5:$B$104,A14,Exception_Log!$H$5:$H$104,"<>Closed",Exception_Log!$F$5:$F$104,"*Critical*")>0,"Audit - Issues Found",IF(COUNTIFS(Logistics_Log!$A$5:$A$104,A14,Logistics_Log!$H$5:$H$104,"🔴*")>0,"Audit - Issues Found",IF(COUNTIFS(Manual_Check!$G$5:$G$104,A14,Manual_Check!$E$5:$E$104,"*Mismatch*")>0,"Audit - Issues Found",IF(IFERROR(VLOOKUP(A14,Doc_Checklist!$A$5:$G$104,7,FALSE()),"")="Ready for Audit","Ready for Audit","Documents Pending")))))
I15: =IF(A15="","",IF(COUNTIFS(Exception_Log!$B$5:$B$104,A15,Exception_Log!$H$5:$H$104,"<>Closed",Exception_Log!$F$5:$F$104,"*Critical*")>0,"Audit - Issues Found",IF(COUNTIFS(Logistics_Log!$A$5:$A$104,A15,Logistics_Log!$H$5:$H$104,"🔴*")>0,"Audit - Issues Found",IF(COUNTIFS(Manual_Check!$G$5:$G$104,A15,Manual_Check!$E$5:$E$104,"*Mismatch*")>0,"Audit - Issues Found",IF(IFERROR(VLOOKUP(A15,Doc_Checklist!$A$5:$G$104,7,FALSE()),"")="Ready for Audit","Ready for Audit","Documents Pending")))))
I16: =IF(A16="","",IF(COUNTIFS(Exception_Log!$B$5:$B$104,A16,Exception_Log!$H$5:$H$104,"<>Closed",Exception_Log!$F$5:$F$104,"*Critical*")>0,"Audit - Issues Found",IF(COUNTIFS(Logistics_Log!$A$5:$A$104,A16,Logistics_Log!$H$5:$H$104,"🔴*")>0,"Audit - Issues Found",IF(COUNTIFS(Manual_Check!$G$5:$G$104,A16,Manual_Check!$E$5:$E$104,"*Mismatch*")>0,"Audit - Issues Found",IF(IFERROR(VLOOKUP(A16,Doc_Checklist!$A$5:$G$104,7,FALSE()),"")="Ready for Audit","Ready for Audit","Documents Pending")))))
I17: =IF(A17="","",IF(COUNTIFS(Exception_Log!$B$5:$B$104,A17,Exception_Log!$H$5:$H$104,"<>Closed",Exception_Log!$F$5:$F$104,"*Critical*")>0,"Audit - Issues Found",IF(COUNTIFS(Logistics_Log!$A$5:$A$104,A17,Logistics_Log!$H$5:$H$104,"🔴*")>0,"Audit - Issues Found",IF(COUNTIFS(Manual_Check!$G$5:$G$104,A17,Manual_Check!$E$5:$E$104,"*Mismatch*")>0,"Audit - Issues Found",IF(IFERROR(VLOOKUP(A17,Doc_Checklist!$A$5:$G$104,7,FALSE()),"")="Ready for Audit","Ready for Audit","Documents Pending")))))
I18: =IF(A18="","",IF(COUNTIFS(Exception_Log!$B$5:$B$104,A18,Exception_Log!$H$5:$H$104,"<>Closed",Exception_Log!$F$5:$F$104,"*Critical*")>0,"Audit - Issues Found",IF(COUNTIFS(Logistics_Log!$A$5:$A$104,A18,Logistics_Log!$H$5:$H$104,"🔴*")>0,"Audit - Issues Found",IF(COUNTIFS(Manual_Check!$G$5:$G$104,A18,Manual_Check!$E$5:$E$104,"*Mismatch*")>0,"Audit - Issues Found",IF(IFERROR(VLOOKUP(A18,Doc_Checklist!$A$5:$G$104,7,FALSE()),"")="Ready for Audit","Ready for Audit","Documents Pending")))))
I19: =IF(A19="","",IF(COUNTIFS(Exception_Log!$B$5:$B$104,A19,Exception_Log!$H$5:$H$104,"<>Closed",Exception_Log!$F$5:$F$104,"*Critical*")>0,"Audit - Issues Found",IF(COUNTIFS(Logistics_Log!$A$5:$A$104,A19,Logistics_Log!$H$5:$H$104,"🔴*")>0,"Audit - Issues Found",IF(COUNTIFS(Manual_Check!$G$5:$G$104,A19,Manual_Check!$E$5:$E$104,"*Mismatch*")>0,"Audit - Issues Found",IF(IFERROR(VLOOKUP(A19,Doc_Checklist!$A$5:$G$104,7,FALSE()),"")="Ready for Audit","Ready for Audit","Documents Pending")))))
I20: =IF(A20="","",IF(COUNTIFS(Exception_Log!$B$5:$B$104,A20,Exception_Log!$H$5:$H$104,"<>Closed",Exception_Log!$F$5:$F$104,"*Critical*")>0,"Audit - Issues Found",IF(COUNTIFS(Logistics_Log!$A$5:$A$104,A20,Logistics_Log!$H$5:$H$104,"🔴*")>0,"Audit - Issues Found",IF(COUNTIFS(Manual_Check!$G$5:$G$104,A20,Manual_Check!$E$5:$E$104,"*Mismatch*")>0,"Audit - Issues Found",IF(IFERROR(VLOOKUP(A20,Doc_Checklist!$A$5:$G$104,7,FALSE()),"")="Ready for Audit","Ready for Audit","Documents Pending")))))
I21: =IF(A21="","",IF(COUNTIFS(Exception_Log!$B$5:$B$104,A21,Exception_Log!$H$5:$H$104,"<>Closed",Exception_Log!$F$5:$F$104,"*Critical*")>0,"Audit - Issues Found",IF(COUNTIFS(Logistics_Log!$A$5:$A$104,A21,Logistics_Log!$H$5:$H$104,"🔴*")>0,"Audit - Issues Found",IF(COUNTIFS(Manual_Check!$G$5:$G$104,A21,Manual_Check!$E$5:$E$104,"*Mismatch*")>0,"Audit - Issues Found",IF(IFERROR(VLOOKUP(A21,Doc_Checklist!$A$5:$G$104,7,FALSE()),"")="Ready for Audit","Ready for Audit","Documents Pending")))))
I22: =IF(A22="","",IF(COUNTIFS(Exception_Log!$B$5:$B$104,A22,Exception_Log!$H$5:$H$104,"<>Closed",Exception_Log!$F$5:$F$104,"*Critical*")>0,"Audit - Issues Found",IF(COUNTIFS(Logistics_Log!$A$5:$A$104,A22,Logistics_Log!$H$5:$H$104,"🔴*")>0,"Audit - Issues Found",IF(COUNTIFS(Manual_Check!$G$5:$G$104,A22,Manual_Check!$E$5:$E$104,"*Mismatch*")>0,"Audit - Issues Found",IF(IFERROR(VLOOKUP(A22,Doc_Checklist!$A$5:$G$104,7,FALSE()),"")="Ready for Audit","Ready for Audit","Documents Pending")))))
... I104: =IF(A104="","",IF(COUNTIFS(Exception_Log!$B$5:$B$104,A104,Exception_Log!$H$5:$H$104,"<>Closed",Exception_Log!$F$5:$F$104,"*Critical*")>0,"Audit - Issues Found",IF(COUNTIFS(Logistics_Log!$A$5:$A$104,A104,Logistics_Log!$H$5:$H$104,"🔴*")>0,"Audit - Issues Found",IF(COUNTIFS(Manual_Check!$G$5:$G$104,A104,Manual_Check!$E$5:$E$104,"*Mismatch*")>0,"Audit - Issues Found",IF(IFERROR(VLOOKUP(A104,Doc_Checklist!$A$5:$G$104,7,FALSE()),"")="Ready for Audit","Ready for Audit","Documents Pending")))))
A106: Samim Craft — Export Shipment Control Workbook (v4) | certcraft25@gmail.com | Free validation build — not for redistribution

Sheet Doc_Checklist
A1: Export Shipment Control — Document Checklist
A2: Validation asset — sample data included. Replace sample rows with your own test shipment data.
A4: Shipment ID | B4: Commercial Invoice | C4: Packing List | D4: Draft B/L | E4: Certificate of Origin | F4: Shipping Bill (ICEGATE) | G4: Cross-Check Status
A5: EXP-2026-001 | B5: Final | C5: Final | D5: Approved | E5: Received | F5: LEO Passed | G5: =IF(A5="","",IF(AND(B5="Final",C5="Final",D5="Approved",OR(E5="Not Required",E5="Received"),F5="LEO Passed"),"Ready for Audit","Documents Pending")) -> Ready for Audit
A6: EXP-2026-002 | B6: Final | C6: Final | D6: Approved | E6: Received | F6: LEO Passed | G6: =IF(A6="","",IF(AND(B6="Final",C6="Final",D6="Approved",OR(E6="Not Required",E6="Received"),F6="LEO Passed"),"Ready for Audit","Documents Pending")) -> Ready for Audit
A7: EXP-2026-003 | B7: Final | C7: Draft | D7: Approved | E7: Pending | F7: Pending | G7: =IF(A7="","",IF(AND(B7="Final",C7="Final",D7="Approved",OR(E7="Not Required",E7="Received"),F7="LEO Passed"),"Ready for Audit","Documents Pending")) -> Documents Pending
A8: EXP-TEST-004 | B8: Final | C8: Final | D8: Approved | E8: Received | F8: LEO Passed | G8: =IF(A8="","",IF(AND(B8="Final",C8="Final",D8="Approved",OR(E8="Not Required",E8="Received"),F8="LEO Passed"),"Ready for Audit","Documents Pending")) -> Ready for Audit
A9: EXP-TEST-005 | B9: Final | C9: Final | D9: Approved | E9: Received | F9: LEO Passed | G9: =IF(A9="","",IF(AND(B9="Final",C9="Final",D9="Approved",OR(E9="Not Required",E9="Received"),F9="LEO Passed"),"Ready for Audit","Documents Pending")) -> Ready for Audit
A10: EXP-TEST-006 | B10: Final | C10: Final | D10: Approved | E10: Not Required | F10: LEO Passed | G10: =IF(A10="","",IF(AND(B10="Final",C10="Final",D10="Approved",OR(E10="Not Required",E10="Received"),F10="LEO Passed"),"Ready for Audit","Documents Pending")) -> Ready for Audit
G11: =IF(A11="","",IF(AND(B11="Final",C11="Final",D11="Approved",OR(E11="Not Required",E11="Received"),F11="LEO Passed"),"Ready for Audit","Documents Pending"))
G12: =IF(A12="","",IF(AND(B12="Final",C12="Final",D12="Approved",OR(E12="Not Required",E12="Received"),F12="LEO Passed"),"Ready for Audit","Documents Pending"))
G13: =IF(A13="","",IF(AND(B13="Final",C13="Final",D13="Approved",OR(E13="Not Required",E13="Received"),F13="LEO Passed"),"Ready for Audit","Documents Pending"))
G14: =IF(A14="","",IF(AND(B14="Final",C14="Final",D14="Approved",OR(E14="Not Required",E14="Received"),F14="LEO Passed"),"Ready for Audit","Documents Pending"))
G15: =IF(A15="","",IF(AND(B15="Final",C15="Final",D15="Approved",OR(E15="Not Required",E15="Received"),F15="LEO Passed"),"Ready for Audit","Documents Pending"))
G16: =IF(A16="","",IF(AND(B16="Final",C16="Final",D16="Approved",OR(E16="Not Required",E16="Received"),F16="LEO Passed"),"Ready for Audit","Documents Pending"))
G17: =IF(A17="","",IF(AND(B17="Final",C17="Final",D17="Approved",OR(E17="Not Required",E17="Received"),F17="LEO Passed"),"Ready for Audit","Documents Pending"))
G18: =IF(A18="","",IF(AND(B18="Final",C18="Final",D18="Approved",OR(E18="Not Required",E18="Received"),F18="LEO Passed"),"Ready for Audit","Documents Pending"))
G19: =IF(A19="","",IF(AND(B19="Final",C19="Final",D19="Approved",OR(E19="Not Required",E19="Received"),F19="LEO Passed"),"Ready for Audit","Documents Pending"))
G20: =IF(A20="","",IF(AND(B20="Final",C20="Final",D20="Approved",OR(E20="Not Required",E20="Received"),F20="LEO Passed"),"Ready for Audit","Documents Pending"))
G21: =IF(A21="","",IF(AND(B21="Final",C21="Final",D21="Approved",OR(E21="Not Required",E21="Received"),F21="LEO Passed"),"Ready for Audit","Documents Pending"))
G22: =IF(A22="","",IF(AND(B22="Final",C22="Final",D22="Approved",OR(E22="Not Required",E22="Received"),F22="LEO Passed"),"Ready for Audit","Documents Pending"))
... G104: =IF(A104="","",IF(AND(B104="Final",C104="Final",D104="Approved",OR(E104="Not Required",E104="Received"),F104="LEO Passed"),"Ready for Audit","Documents Pending"))
A106: Samim Craft — Export Shipment Control Workbook (v4) | certcraft25@gmail.com | Free validation build — not for redistribution

Sheet Logistics_Log
A1: Export Shipment Control — Container & Weight Log
A2: Validation asset — sample data included. Replace sample rows with your own test shipment data.
A4: Shipment ID | B4: Container No. | C4: Seal No. | D4: Package Count | E4: Gross Weight (KG) | F4: Net Weight (KG) | G4: VGM Declared (KG) | H4: Discrepancy Flag
A5: EXP-2026-001 | B5: MSKU1234567 | C5: SL-987654 | D5: 1000 | E5: 8200 | F5: 7000 | G5: 8200 | H5: =IF(A5="","",IF(OR(E5="",F5=""),"⚠️ Incomplete",IF(E5<F5,"🔴 Net > Gross Error",IF(AND(G5<>"",ABS(G5-E5)>10),"🔴 VGM Discrepancy","🟢 Normal")))) -> 🟢 Normal
A6: EXP-2026-002 | B6: MSKU2233445 | C6: SL-223344 | D6: 500 | E6: 5000 | F6: 4200 | G6: 5000 | H6: =IF(A6="","",IF(OR(E6="",F6=""),"⚠️ Incomplete",IF(E6<F6,"🔴 Net > Gross Error",IF(AND(G6<>"",ABS(G6-E6)>10),"🔴 VGM Discrepancy","🟢 Normal")))) -> 🟢 Normal
A7: EXP-2026-003 | B7: MSKU3344556 | C7: SL-334455 | D7: 700 | E7: 7000 | F7: 7500 | G7: 7000 | H7: =IF(A7="","",IF(OR(E7="",F7=""),"⚠️ Incomplete",IF(E7<F7,"🔴 Net > Gross Error",IF(AND(G7<>"",ABS(G7-E7)>10),"🔴 VGM Discrepancy","🟢 Normal")))) -> 🔴 Net > Gross Error
A8: EXP-TEST-004 | B8: MSCU1234567 | C8: SL987654 | D8: 500 | E8: 12500 | F8: 10000 | G8: 12505 | H8: =IF(A8="","",IF(OR(E8="",F8=""),"⚠️ Incomplete",IF(E8<F8,"🔴 Net > Gross Error",IF(AND(G8<>"",ABS(G8-E8)>10),"🔴 VGM Discrepancy","🟢 Normal")))) -> 🟢 Normal
A9: EXP-TEST-005 | B9: MSCU7654321 | C9: SL123789 | D9: 600 | E9: 15000 | F9: 12000 | G9: 15004 | H9: =IF(A9="","",IF(OR(E9="",F9=""),"⚠️ Incomplete",IF(E9<F9,"🔴 Net > Gross Error",IF(AND(G9<>"",ABS(G9-E9)>10),"🔴 VGM Discrepancy","🟢 Normal")))) -> 🟢 Normal
A10: EXP-TEST-006 | B10: HLBU9988776 | C10: SL112233 | D10: 220 | E10: 6000 | F10: 5400 | G10: 6003 | H10: =IF(A10="","",IF(OR(E10="",F10=""),"⚠️ Incomplete",IF(E10<F10,"🔴 Net > Gross Error",IF(AND(G10<>"",ABS(G10-E10)>10),"🔴 VGM Discrepancy","🟢 Normal")))) -> 🟢 Normal
H11: =IF(A11="","",IF(OR(E11="",F11=""),"⚠️ Incomplete",IF(E11<F11,"🔴 Net > Gross Error",IF(AND(G11<>"",ABS(G11-E11)>10),"🔴 VGM Discrepancy","🟢 Normal"))))
H12: =IF(A12="","",IF(OR(E12="",F12=""),"⚠️ Incomplete",IF(E12<F12,"🔴 Net > Gross Error",IF(AND(G12<>"",ABS(G12-E12)>10),"🔴 VGM Discrepancy","🟢 Normal"))))
H13: =IF(A13="","",IF(OR(E13="",F13=""),"⚠️ Incomplete",IF(E13<F13,"🔴 Net > Gross Error",IF(AND(G13<>"",ABS(G13-E13)>10),"🔴 VGM Discrepancy","🟢 Normal"))))
H14: =IF(A14="","",IF(OR(E14="",F14=""),"⚠️ Incomplete",IF(E14<F14,"🔴 Net > Gross Error",IF(AND(G14<>"",ABS(G14-E14)>10),"🔴 VGM Discrepancy","🟢 Normal"))))
H15: =IF(A15="","",IF(OR(E15="",F15=""),"⚠️ Incomplete",IF(E15<F15,"🔴 Net > Gross Error",IF(AND(G15<>"",ABS(G15-E15)>10),"🔴 VGM Discrepancy","🟢 Normal"))))
H16: =IF(A16="","",IF(OR(E16="",F16=""),"⚠️ Incomplete",IF(E16<F16,"🔴 Net > Gross Error",IF(AND(G16<>"",ABS(G16-E16)>10),"🔴 VGM Discrepancy","🟢 Normal"))))
H17: =IF(A17="","",IF(OR(E17="",F17=""),"⚠️ Incomplete",IF(E17<F17,"🔴 Net > Gross Error",IF(AND(G17<>"",ABS(G17-E17)>10),"🔴 VGM Discrepancy","🟢 Normal"))))
H18: =IF(A18="","",IF(OR(E18="",F18=""),"⚠️ Incomplete",IF(E18<F18,"🔴 Net > Gross Error",IF(AND(G18<>"",ABS(G18-E18)>10),"🔴 VGM Discrepancy","🟢 Normal"))))
H19: =IF(A19="","",IF(OR(E19="",F19=""),"⚠️ Incomplete",IF(E19<F19,"🔴 Net > Gross Error",IF(AND(G19<>"",ABS(G19-E19)>10),"🔴 VGM Discrepancy","🟢 Normal"))))
H20: =IF(A20="","",IF(OR(E20="",F20=""),"⚠️ Incomplete",IF(E20<F20,"🔴 Net > Gross Error",IF(AND(G20<>"",ABS(G20-E20)>10),"🔴 VGM Discrepancy","🟢 Normal"))))
H21: =IF(A21="","",IF(OR(E21="",F21=""),"⚠️ Incomplete",IF(E21<F21,"🔴 Net > Gross Error",IF(AND(G21<>"",ABS(G21-E21)>10),"🔴 VGM Discrepancy","🟢 Normal"))))
H22: =IF(A22="","",IF(OR(E22="",F22=""),"⚠️ Incomplete",IF(E22<F22,"🔴 Net > Gross Error",IF(AND(G22<>"",ABS(G22-E22)>10),"🔴 VGM Discrepancy","🟢 Normal"))))
... H104: =IF(A104="","",IF(OR(E104="",F104=""),"⚠️ Incomplete",IF(E104<F104,"🔴 Net > Gross Error",IF(AND(G104<>"",ABS(G104-E104)>10),"🔴 VGM Discrepancy","🟢 Normal"))))
A106: Samim Craft — Export Shipment Control Workbook (v4) | certcraft25@gmail.com | Free validation build — not for redistribution

Sheet Manual_Check
A1: Export Shipment Control — Manual Cross-Check (Pain-Trigger)
A2: Validation asset — sample data included. Replace sample rows with your own test shipment data.
A3: Sample shipment: EXP-2026-001 | Buyer: ABC Trading Co. | Date Checked: 2026-08-12
A4: Field Name | B4: Commercial Invoice | C4: Packing List | D4: Draft B/L | E4: Match / Review Status | F4: Risk Level | G4: Shipment ID | H4: Action Needed | I4: Document Pair (auto) | J4: Exception Description (auto) | K4: Suggested Severity (auto)
A5: Buyer / Consignee | B5: ABC Trading Co. | C5: ABC Trading Co. | D5: ABC Trading Ltd. | E5: =IF(OR(B5="",C5="",D5=""),"",IF(AND(B5=C5,C5=D5),"🟢 Match",IF(OR(F5="Critical",F5="High"),"🔴 Mismatch","🟡 Review"))) -> 🔴 Mismatch | F5: High | G5: EXP-2026-001 | H5: =IF(E5="🔴 Mismatch","⚠️ Log in Exception_Log","") -> ⚠️ Log in Exception_Log | I5: =IF(OR(B5="",C5="",D5=""),"",IF(AND(B5=C5,C5=D5),"",IF(AND(B5=C5,C5<>D5),"Packing List vs Draft B/L",IF(AND(C5=D5,B5<>C5),"Commercial Invoice vs Packing List",IF(AND(B5=D5,B5<>C5),"Commercial Invoice vs Draft B/L","Commercial Invoice vs Packing List vs Draft B/L (all differ)"))))) -> Packing List vs Draft B/L | J5: =IF(I5="","","Commercial Invoice: "&B5&"; Packing List: "&C5&"; Draft B/L: "&D5) -> Commercial Invoice: ABC Trading Co.; Packing List: ABC Trading Co.; Draft B/L: ABC Trading Ltd. | K5: =IF(I5="","",IF(OR(F5="Critical",F5="High"),"🔴 Critical - Review Required","🟡 Warning - Review")) -> 🔴 Critical - Review Required
A6: Total Quantity | B6: 1000 | C6: 1000 | D6: 950 | E6: =IF(OR(B6="",C6="",D6=""),"",IF(AND(B6=C6,C6=D6),"🟢 Match",IF(OR(F6="Critical",F6="High"),"🔴 Mismatch","🟡 Review"))) -> 🔴 Mismatch | F6: Critical | G6: EXP-2026-001 | H6: =IF(E6="🔴 Mismatch","⚠️ Log in Exception_Log","") -> ⚠️ Log in Exception_Log | I6: =IF(OR(B6="",C6="",D6=""),"",IF(AND(B6=C6,C6=D6),"",IF(AND(B6=C6,C6<>D6),"Packing List vs Draft B/L",IF(AND(C6=D6,B6<>C6),"Commercial Invoice vs Packing List",IF(AND(B6=D6,B6<>C6),"Commercial Invoice vs Draft B/L","Commercial Invoice vs Packing List vs Draft B/L (all differ)"))))) -> Packing List vs Draft B/L | J6: =IF(I6="","","Commercial Invoice: "&B6&"; Packing List: "&C6&"; Draft B/L: "&D6) -> Commercial Invoice: 1000; Packing List: 1000; Draft B/L: 950 | K6: =IF(I6="","",IF(OR(F6="Critical",F6="High"),"🔴 Critical - Review Required","🟡 Warning - Review")) -> 🔴 Critical - Review Required
A7: Gross Weight (KG) | B7: 8200 | C7: 8200 | D7: 8200 | E7: =IF(OR(B7="",C7="",D7=""),"",IF(AND(B7=C7,C7=D7),"🟢 Match",IF(OR(F7="Critical",F7="High"),"🔴 Mismatch","🟡 Review"))) -> 🟢 Match | F7: High | G7: EXP-2026-001 | H7: =IF(E7="🔴 Mismatch","⚠️ Log in Exception_Log","") | I7: =IF(OR(B7="",C7="",D7=""),"",IF(AND(B7=C7,C7=D7),"",IF(AND(B7=C7,C7<>D7),"Packing List vs Draft B/L",IF(AND(C7=D7,B7<>C7),"Commercial Invoice vs Packing List",IF(AND(B7=D7,B7<>C7),"Commercial Invoice vs Draft B/L","Commercial Invoice vs Packing List vs Draft B/L (all differ)"))))) | J7: =IF(I7="","","Commercial Invoice: "&B7&"; Packing List: "&C7&"; Draft B/L: "&D7) | K7: =IF(I7="","",IF(OR(F7="Critical",F7="High"),"🔴 Critical - Review Required","🟡 Warning - Review"))
A8: Container No. | B8: MSKU1234567 | C8: MSKU1234567 | D8: MSKU1234567 | E8: =IF(OR(B8="",C8="",D8=""),"",IF(AND(B8=C8,C8=D8),"🟢 Match",IF(OR(F8="Critical",F8="High"),"🔴 Mismatch","🟡 Review"))) -> 🟢 Match | F8: High | G8: EXP-2026-001 | H8: =IF(E8="🔴 Mismatch","⚠️ Log in Exception_Log","") | I8: =IF(OR(B8="",C8="",D8=""),"",IF(AND(B8=C8,C8=D8),"",IF(AND(B8=C8,C8<>D8),"Packing List vs Draft B/L",IF(AND(C8=D8,B8<>C8),"Commercial Invoice vs Packing List",IF(AND(B8=D8,B8<>C8),"Commercial Invoice vs Draft B/L","Commercial Invoice vs Packing List vs Draft B/L (all differ)"))))) | J8: =IF(I8="","","Commercial Invoice: "&B8&"; Packing List: "&C8&"; Draft B/L: "&D8) | K8: =IF(I8="","",IF(OR(F8="Critical",F8="High"),"🔴 Critical - Review Required","🟡 Warning - Review"))
A9: HS Code | B9: 6109.10.00 | C9: 6109.10.00 | D9: 6109.10 | E9: =IF(OR(B9="",C9="",D9=""),"",IF(AND(B9=C9,C9=D9),"🟢 Match",IF(OR(F9="Critical",F9="High"),"🔴 Mismatch","🟡 Review"))) -> 🟡 Review | F9: Medium | G9: EXP-2026-001 | H9: =IF(E9="🔴 Mismatch","⚠️ Log in Exception_Log","") | I9: =IF(OR(B9="",C9="",D9=""),"",IF(AND(B9=C9,C9=D9),"",IF(AND(B9=C9,C9<>D9),"Packing List vs Draft B/L",IF(AND(C9=D9,B9<>C9),"Commercial Invoice vs Packing List",IF(AND(B9=D9,B9<>C9),"Commercial Invoice vs Draft B/L","Commercial Invoice vs Packing List vs Draft B/L (all differ)"))))) -> Packing List vs Draft B/L | J9: =IF(I9="","","Commercial Invoice: "&B9&"; Packing List: "&C9&"; Draft B/L: "&D9) -> Commercial Invoice: 6109.10.00; Packing List: 6109.10.00; Draft B/L: 6109.10 | K9: =IF(I9="","",IF(OR(F9="Critical",F9="High"),"🔴 Critical - Review Required","🟡 Warning - Review")) -> 🟡 Warning - Review
A10: Buyer / Consignee | B10: Global Textiles Ltd. | C10: Global Textiles Ltd. | D10: Global Textile Ltd. | E10: =IF(OR(B10="",C10="",D10=""),"",IF(AND(B10=C10,C10=D10),"🟢 Match",IF(OR(F10="Critical",F10="High"),"🔴 Mismatch","🟡 Review"))) -> 🟡 Review | G10: EXP-TEST-005 | H10: =IF(E10="🔴 Mismatch","⚠️ Log in Exception_Log","") | I10: =IF(OR(B10="",C10="",D10=""),"",IF(AND(B10=C10,C10=D10),"",IF(AND(B10=C10,C10<>D10),"Packing List vs Draft B/L",IF(AND(C10=D10,B10<>C10),"Commercial Invoice vs Packing List",IF(AND(B10=D10,B10<>C10),"Commercial Invoice vs Draft B/L","Commercial Invoice vs Packing List vs Draft B/L (all differ)"))))) -> Packing List vs Draft B/L | J10: =IF(I10="","","Commercial Invoice: "&B10&"; Packing List: "&C10&"; Draft B/L: "&D10) -> Commercial Invoice: Global Textiles Ltd.; Packing List: Global Textiles Ltd.; Draft B/L: Global Textile Ltd. | K10: =IF(I10="","",IF(OR(F10="Critical",F10="High"),"🔴 Critical - Review Required","🟡 Warning - Review")) -> 🟡 Warning - Review
A11: Total Quantity | B11: 600 | C11: 600 | D11: 550 | E11: =IF(OR(B11="",C11="",D11=""),"",IF(AND(B11=C11,C11=D11),"🟢 Match",IF(OR(F11="Critical",F11="High"),"🔴 Mismatch","🟡 Review"))) -> 🔴 Mismatch | F11: Critical | G11: EXP-TEST-005 | H11: =IF(E11="🔴 Mismatch","⚠️ Log in Exception_Log","") -> ⚠️ Log in Exception_Log | I11: =IF(OR(B11="",C11="",D11=""),"",IF(AND(B11=C11,C11=D11),"",IF(AND(B11=C11,C11<>D11),"Packing List vs Draft B/L",IF(AND(C11=D11,B11<>C11),"Commercial Invoice vs Packing List",IF(AND(B11=D11,B11<>C11),"Commercial Invoice vs Draft B/L","Commercial Invoice vs Packing List vs Draft B/L (all differ)"))))) -> Packing List vs Draft B/L | J11: =IF(I11="","","Commercial Invoice: "&B11&"; Packing List: "&C11&"; Draft B/L: "&D11) -> Commercial Invoice: 600; Packing List: 600; Draft B/L: 550 | K11: =IF(I11="","",IF(OR(F11="Critical",F11="High"),"🔴 Critical - Review Required","🟡 Warning - Review")) -> 🔴 Critical - Review Required
A12: Gross Weight (KG) | B12: 15000 | C12: 15000 | D12: 14500 | E12: =IF(OR(B12="",C12="",D12=""),"",IF(AND(B12=C12,C12=D12),"🟢 Match",IF(OR(F12="Critical",F12="High"),"🔴 Mismatch","🟡 Review"))) -> 🟡 Review | G12: EXP-TEST-005 | H12: =IF(E12="🔴 Mismatch","⚠️ Log in Exception_Log","") | I12: =IF(OR(B12="",C12="",D12=""),"",IF(AND(B12=C12,C12=D12),"",IF(AND(B12=C12,C12<>D12),"Packing List vs Draft B/L",IF(AND(C12=D12,B12<>C12),"Commercial Invoice vs Packing List",IF(AND(B12=D12,B12<>C12),"Commercial Invoice vs Draft B/L","Commercial Invoice vs Packing List vs Draft B/L (all differ)"))))) -> Packing List vs Draft B/L | J12: =IF(I12="","","Commercial Invoice: "&B12&"; Packing List: "&C12&"; Draft B/L: "&D12) -> Commercial Invoice: 15000; Packing List: 15000; Draft B/L: 14500 | K12: =IF(I12="","",IF(OR(F12="Critical",F12="High"),"🔴 Critical - Review Required","🟡 Warning - Review")) -> 🟡 Warning - Review
A13: Container No. | B13: MSCU7654321 | C13: MSCU7654321 | D13: MSCU7654321 | E13: =IF(OR(B13="",C13="",D13=""),"",IF(AND(B13=C13,C13=D13),"🟢 Match",IF(OR(F13="Critical",F13="High"),"🔴 Mismatch","🟡 Review"))) -> 🟢 Match | G13: EXP-TEST-005 | H13: =IF(E13="🔴 Mismatch","⚠️ Log in Exception_Log","") | I13: =IF(OR(B13="",C13="",D13=""),"",IF(AND(B13=C13,C13=D13),"",IF(AND(B13=C13,C13<>D13),"Packing List vs Draft B/L",IF(AND(C13=D13,B13<>C13),"Commercial Invoice vs Packing List",IF(AND(B13=D13,B13<>C13),"Commercial Invoice vs Draft B/L","Commercial Invoice vs Packing List vs Draft B/L (all differ)"))))) | J13: =IF(I13="","","Commercial Invoice: "&B13&"; Packing List: "&C13&"; Draft B/L: "&D13) | K13: =IF(I13="","",IF(OR(F13="Critical",F13="High"),"🔴 Critical - Review Required","🟡 Warning - Review"))
A14: HS Code | B14: 630260 | C14: 630260 | D14: 630260 | E14: =IF(OR(B14="",C14="",D14=""),"",IF(AND(B14=C14,C14=D14),"🟢 Match",IF(OR(F14="Critical",F14="High"),"🔴 Mismatch","🟡 Review"))) -> 🟢 Match | G14: EXP-TEST-004 | H14: =IF(E14="🔴 Mismatch","⚠️ Log in Exception_Log","") | I14: =IF(OR(B14="",C14="",D14=""),"",IF(AND(B14=C14,C14=D14),"",IF(AND(B14=C14,C14<>D14),"Packing List vs Draft B/L",IF(AND(C14=D14,B14<>C14),"Commercial Invoice vs Packing List",IF(AND(B14=D14,B14<>C14),"Commercial Invoice vs Draft B/L","Commercial Invoice vs Packing List vs Draft B/L (all differ)"))))) | J14: =IF(I14="","","Commercial Invoice: "&B14&"; Packing List: "&C14&"; Draft B/L: "&D14) | K14: =IF(I14="","",IF(OR(F14="Critical",F14="High"),"🔴 Critical - Review Required","🟡 Warning - Review"))
A15: Port of Discharge | B15: Port Klang | C15: Port Klang | D15: Port Kelang | E15: =IF(OR(B15="",C15="",D15=""),"",IF(AND(B15=C15,C15=D15),"🟢 Match",IF(OR(F15="Critical",F15="High"),"🔴 Mismatch","🟡 Review"))) -> 🟡 Review | G15: EXP-TEST-004 | H15: =IF(E15="🔴 Mismatch","⚠️ Log in Exception_Log","") | I15: =IF(OR(B15="",C15="",D15=""),"",IF(AND(B15=C15,C15=D15),"",IF(AND(B15=C15,C15<>D15),"Packing List vs Draft B/L",IF(AND(C15=D15,B15<>C15),"Commercial Invoice vs Packing List",IF(AND(B15=D15,B15<>C15),"Commercial Invoice vs Draft B/L","Commercial Invoice vs Packing List vs Draft B/L (all differ)"))))) -> Packing List vs Draft B/L | J15: =IF(I15="","","Commercial Invoice: "&B15&"; Packing List: "&C15&"; Draft B/L: "&D15) -> Commercial Invoice: Port Klang; Packing List: Port Klang; Draft B/L: Port Kelang | K15: =IF(I15="","",IF(OR(F15="Critical",F15="High"),"🔴 Critical - Review Required","🟡 Warning - Review")) -> 🟡 Warning - Review
A16: Request a free sample/redacted shipment audit. No purchase is required for the validation test. | I16: =IF(OR(B16="",C16="",D16=""),"",IF(AND(B16=C16,C16=D16),"",IF(AND(B16=C16,C16<>D16),"Packing List vs Draft B/L",IF(AND(C16=D16,B16<>C16),"Commercial Invoice vs Packing List",IF(AND(B16=D16,B16<>C16),"Commercial Invoice vs Draft B/L","Commercial Invoice vs Packing List vs Draft B/L (all differ)"))))) | J16: =IF(I16="","","Commercial Invoice: "&B16&"; Packing List: "&C16&"; Draft B/L: "&D16) | K16: =IF(I16="","",IF(OR(F16="Critical",F16="High"),"🔴 Critical - Review Required","🟡 Warning - Review"))
I18: =IF(OR(B18="",C18="",D18=""),"",IF(AND(B18=C18,C18=D18),"",IF(AND(B18=C18,C18<>D18),"Packing List vs Draft B/L",IF(AND(C18=D18,B18<>C18),"Commercial Invoice vs Packing List",IF(AND(B18=D18,B18<>C18),"Commercial Invoice vs Draft B/L","Commercial Invoice vs Packing List vs Draft B/L (all differ)"))))) | J18: =IF(I18="","","Commercial Invoice: "&B18&"; Packing List: "&C18&"; Draft B/L: "&D18) | K18: =IF(I18="","",IF(OR(F18="Critical",F18="High"),"🔴 Critical - Review Required","🟡 Warning - Review"))
A19: VALIDATION NOTE | I19: =IF(OR(B19="",C19="",D19=""),"",IF(AND(B19=C19,C19=D19),"",IF(AND(B19=C19,C19<>D19),"Packing List vs Draft B/L",IF(AND(C19=D19,B19<>C19),"Commercial Invoice vs Packing List",IF(AND(B19=D19,B19<>C19),"Commercial Invoice vs Draft B/L","Commercial Invoice vs Packing List vs Draft B/L (all differ)"))))) | J19: =IF(I19="","","Commercial Invoice: "&B19&"; Packing List: "&C19&"; Draft B/L: "&D19) | K19: =IF(I19="","",IF(OR(F19="Critical",F19="High"),"🔴 Critical - Review Required","🟡 Warning - Review"))
A20: This sheet demonstrates the manual cross-document checking that the future product may automate. It now ties each row to a Shipment ID, and flags rows needing an Exception_Log entry -- but does not auto-create that entry. | I20: =IF(OR(B20="",C20="",D20=""),"",IF(AND(B20=C20,C20=D20),"",IF(AND(B20=C20,C20<>D20),"Packing List vs Draft B/L",IF(AND(C20=D20,B20<>C20),"Commercial Invoice vs Packing List",IF(AND(B20=D20,B20<>C20),"Commercial Invoice vs Draft B/L","Commercial Invoice vs Packing List vs Draft B/L (all differ)"))))) | J20: =IF(I20="","","Commercial Invoice: "&B20&"; Packing List: "&C20&"; Draft B/L: "&D20) | K20: =IF(I20="","",IF(OR(F20="Critical",F20="High"),"🔴 Critical - Review Required","🟡 Warning - Review"))
I21: =IF(OR(B21="",C21="",D21=""),"",IF(AND(B21=C21,C21=D21),"",IF(AND(B21=C21,C21<>D21),"Packing List vs Draft B/L",IF(AND(C21=D21,B21<>C21),"Commercial Invoice vs Packing List",IF(AND(B21=D21,B21<>C21),"Commercial Invoice vs Draft B/L","Commercial Invoice vs Packing List vs Draft B/L (all differ)"))))) | J21: =IF(I21="","","Commercial Invoice: "&B21&"; Packing List: "&C21&"; Draft B/L: "&D21) | K21: =IF(I21="","",IF(OR(F21="Critical",F21="High"),"🔴 Critical - Review Required","🟡 Warning - Review"))
A22: ⚡ Want to test the discrepancy-audit workflow? | I22: =IF(OR(B22="",C22="",D22=""),"",IF(AND(B22=C22,C22=D22),"",IF(AND(B22=C22,C22<>D22),"Packing List vs Draft B/L",IF(AND(C22=D22,B22<>C22),"Commercial Invoice vs Packing List",IF(AND(B22=D22,B22<>C22),"Commercial Invoice vs Draft B/L","Commercial Invoice vs Packing List vs Draft B/L (all differ)"))))) | J22: =IF(I22="","","Commercial Invoice: "&B22&"; Packing List: "&C22&"; Draft B/L: "&D22) | K22: =IF(I22="","",IF(OR(F22="Critical",F22="High"),"🔴 Critical - Review Required","🟡 Warning - Review"))
A23: Request a free sample/redacted shipment audit. No purchase is required for the validation test. | I23: =IF(OR(B23="",C23="",D23=""),"",IF(AND(B23=C23,C23=D23),"",IF(AND(B23=C23,C23<>D23),"Packing List vs Draft B/L",IF(AND(C23=D23,B23<>C23),"Commercial Invoice vs Packing List",IF(AND(B23=D23,B23<>C23),"Commercial Invoice vs Draft B/L","Commercial Invoice vs Packing List vs Draft B/L (all differ)"))))) | J23: =IF(I23="","","Commercial Invoice: "&B23&"; Packing List: "&C23&"; Draft B/L: "&D23) | K23: =IF(I23="","",IF(OR(F23="Critical",F23="High"),"🔴 Critical - Review Required","🟡 Warning - Review"))
I24: =IF(OR(B24="",C24="",D24=""),"",IF(AND(B24=C24,C24=D24),"",IF(AND(B24=C24,C24<>D24),"Packing List vs Draft B/L",IF(AND(C24=D24,B24<>C24),"Commercial Invoice vs Packing List",IF(AND(B24=D24,B24<>C24),"Commercial Invoice vs Draft B/L","Commercial Invoice vs Packing List vs Draft B/L (all differ)"))))) | J24: =IF(I24="","","Commercial Invoice: "&B24&"; Packing List: "&C24&"; Draft B/L: "&D24) | K24: =IF(I24="","",IF(OR(F24="Critical",F24="High"),"🔴 Critical - Review Required","🟡 Warning - Review"))
B25: Sunrise Apparel Inc. | C25: Sunrise Apparel Inc. | D25: Sunrise Apparel Inc. | E25: =IF(OR(B25="",C25="",D25=""),"",IF(AND(B25=C25,C25=D25),"🟢 Match",IF(OR(F25="Critical",F25="High"),"🔴 Mismatch","🟡 Review"))) -> 🟢 Match | G25: EXP-TEST-006 | I25: =IF(OR(B25="",C25="",D25=""),"",IF(AND(B25=C25,C25=D25),"",IF(AND(B25=C25,C25<>D25),"Packing List vs Draft B/L",IF(AND(C25=D25,B25<>C25),"Commercial Invoice vs Packing List",IF(AND(B25=D25,B25<>C25),"Commercial Invoice vs Draft B/L","Commercial Invoice vs Packing List vs Draft B/L (all differ)"))))) | J25: =IF(I25="","","Commercial Invoice: "&B25&"; Packing List: "&C25&"; Draft B/L: "&D25) | K25: =IF(I25="","",IF(OR(F25="Critical",F25="High"),"🔴 Critical - Review Required","🟡 Warning - Review"))
B26: 220 | C26: 220 | D26: 320 | E26: =IF(OR(B26="",C26="",D26=""),"",IF(AND(B26=C26,C26=D26),"🟢 Match",IF(OR(F26="Critical",F26="High"),"🔴 Mismatch","🟡 Review"))) -> 🟡 Review | G26: EXP-TEST-006 | I26: =IF(OR(B26="",C26="",D26=""),"",IF(AND(B26=C26,C26=D26),"",IF(AND(B26=C26,C26<>D26),"Packing List vs Draft B/L",IF(AND(C26=D26,B26<>C26),"Commercial Invoice vs Packing List",IF(AND(B26=D26,B26<>C26),"Commercial Invoice vs Draft B/L","Commercial Invoice vs Packing List vs Draft B/L (all differ)"))))) -> Packing List vs Draft B/L | J26: =IF(I26="","","Commercial Invoice: "&B26&"; Packing List: "&C26&"; Draft B/L: "&D26) -> Commercial Invoice: 220; Packing List: 220; Draft B/L: 320 | K26: =IF(I26="","",IF(OR(F26="Critical",F26="High"),"🔴 Critical - Review Required","🟡 Warning - Review")) -> 🟡 Warning - Review
B27: HLBU9988776 | C27: HLBU9988776 | D27: HLBU9988776 | E27: =IF(OR(B27="",C27="",D27=""),"",IF(AND(B27=C27,C27=D27),"🟢 Match",IF(OR(F27="Critical",F27="High"),"🔴 Mismatch","🟡 Review"))) -> 🟢 Match | G27: EXP-TEST-006 | I27: =IF(OR(B27="",C27="",D27=""),"",IF(AND(B27=C27,C27=D27),"",IF(AND(B27=C27,C27<>D27),"Packing List vs Draft B/L",IF(AND(C27=D27,B27<>C27),"Commercial Invoice vs Packing List",IF(AND(B27=D27,B27<>C27),"Commercial Invoice vs Draft B/L","Commercial Invoice vs Packing List vs Draft B/L (all differ)"))))) | J27: =IF(I27="","","Commercial Invoice: "&B27&"; Packing List: "&C27&"; Draft B/L: "&D27) | K27: =IF(I27="","",IF(OR(F27="Critical",F27="High"),"🔴 Critical - Review Required","🟡 Warning - Review"))
I28: =IF(OR(B28="",C28="",D28=""),"",IF(AND(B28=C28,C28=D28),"",IF(AND(B28=C28,C28<>D28),"Packing List vs Draft B/L",IF(AND(C28=D28,B28<>C28),"Commercial Invoice vs Packing List",IF(AND(B28=D28,B28<>C28),"Commercial Invoice vs Draft B/L","Commercial Invoice vs Packing List vs Draft B/L (all differ)"))))) | J28: =IF(I28="","","Commercial Invoice: "&B28&"; Packing List: "&C28&"; Draft B/L: "&D28) | K28: =IF(I28="","",IF(OR(F28="Critical",F28="High"),"🔴 Critical - Review Required","🟡 Warning - Review"))
I29: =IF(OR(B29="",C29="",D29=""),"",IF(AND(B29=C29,C29=D29),"",IF(AND(B29=C29,C29<>D29),"Packing List vs Draft B/L",IF(AND(C29=D29,B29<>C29),"Commercial Invoice vs Packing List",IF(AND(B29=D29,B29<>C29),"Commercial Invoice vs Draft B/L","Commercial Invoice vs Packing List vs Draft B/L (all differ)"))))) | J29: =IF(I29="","","Commercial Invoice: "&B29&"; Packing List: "&C29&"; Draft B/L: "&D29) | K29: =IF(I29="","",IF(OR(F29="Critical",F29="High"),"🔴 Critical - Review Required","🟡 Warning - Review"))
I30: =IF(OR(B30="",C30="",D30=""),"",IF(AND(B30=C30,C30=D30),"",IF(AND(B30=C30,C30<>D30),"Packing List vs Draft B/L",IF(AND(C30=D30,B30<>C30),"Commercial Invoice vs Packing List",IF(AND(B30=D30,B30<>C30),"Commercial Invoice vs Draft B/L","Commercial Invoice vs Packing List vs Draft B/L (all differ)"))))) | J30: =IF(I30="","","Commercial Invoice: "&B30&"; Packing List: "&C30&"; Draft B/L: "&D30) | K30: =IF(I30="","",IF(OR(F30="Critical",F30="High"),"🔴 Critical - Review Required","🟡 Warning - Review"))
I31: =IF(OR(B31="",C31="",D31=""),"",IF(AND(B31=C31,C31=D31),"",IF(AND(B31=C31,C31<>D31),"Packing List vs Draft B/L",IF(AND(C31=D31,B31<>C31),"Commercial Invoice vs Packing List",IF(AND(B31=D31,B31<>C31),"Commercial Invoice vs Draft B/L","Commercial Invoice vs Packing List vs Draft B/L (all differ)"))))) | J31: =IF(I31="","","Commercial Invoice: "&B31&"; Packing List: "&C31&"; Draft B/L: "&D31) | K31: =IF(I31="","",IF(OR(F31="Critical",F31="High"),"🔴 Critical - Review Required","🟡 Warning - Review"))
I32: =IF(OR(B32="",C32="",D32=""),"",IF(AND(B32=C32,C32=D32),"",IF(AND(B32=C32,C32<>D32),"Packing List vs Draft B/L",IF(AND(C32=D32,B32<>C32),"Commercial Invoice vs Packing List",IF(AND(B32=D32,B32<>C32),"Commercial Invoice vs Draft B/L","Commercial Invoice vs Packing List vs Draft B/L (all differ)"))))) | J32: =IF(I32="","","Commercial Invoice: "&B32&"; Packing List: "&C32&"; Draft B/L: "&D32) | K32: =IF(I32="","",IF(OR(F32="Critical",F32="High"),"🔴 Critical - Review Required","🟡 Warning - Review"))
I33: =IF(OR(B33="",C33="",D33=""),"",IF(AND(B33=C33,C33=D33),"",IF(AND(B33=C33,C33<>D33),"Packing List vs Draft B/L",IF(AND(C33=D33,B33<>C33),"Commercial Invoice vs Packing List",IF(AND(B33=D33,B33<>C33),"Commercial Invoice vs Draft B/L","Commercial Invoice vs Packing List vs Draft B/L (all differ)"))))) | J33: =IF(I33="","","Commercial Invoice: "&B33&"; Packing List: "&C33&"; Draft B/L: "&D33) | K33: =IF(I33="","",IF(OR(F33="Critical",F33="High"),"🔴 Critical - Review Required","🟡 Warning - Review"))
I34: =IF(OR(B34="",C34="",D34=""),"",IF(AND(B34=C34,C34=D34),"",IF(AND(B34=C34,C34<>D34),"Packing List vs Draft B/L",IF(AND(C34=D34,B34<>C34),"Commercial Invoice vs Packing List",IF(AND(B34=D34,B34<>C34),"Commercial Invoice vs Draft B/L","Commercial Invoice vs Packing List vs Draft B/L (all differ)"))))) | J34: =IF(I34="","","Commercial Invoice: "&B34&"; Packing List: "&C34&"; Draft B/L: "&D34) | K34: =IF(I34="","",IF(OR(F34="Critical",F34="High"),"🔴 Critical - Review Required","🟡 Warning - Review"))
I35: =IF(OR(B35="",C35="",D35=""),"",IF(AND(B35=C35,C35=D35),"",IF(AND(B35=C35,C35<>D35),"Packing List vs Draft B/L",IF(AND(C35=D35,B35<>C35),"Commercial Invoice vs Packing List",IF(AND(B35=D35,B35<>C35),"Commercial Invoice vs Draft B/L","Commercial Invoice vs Packing List vs Draft B/L (all differ)"))))) | J35: =IF(I35="","","Commercial Invoice: "&B35&"; Packing List: "&C35&"; Draft B/L: "&D35) | K35: =IF(I35="","",IF(OR(F35="Critical",F35="High"),"🔴 Critical - Review Required","🟡 Warning - Review"))
I36: =IF(OR(B36="",C36="",D36=""),"",IF(AND(B36=C36,C36=D36),"",IF(AND(B36=C36,C36<>D36),"Packing List vs Draft B/L",IF(AND(C36=D36,B36<>C36),"Commercial Invoice vs Packing List",IF(AND(B36=D36,B36<>C36),"Commercial Invoice vs Draft B/L","Commercial Invoice vs Packing List vs Draft B/L (all differ)"))))) | J36: =IF(I36="","","Commercial Invoice: "&B36&"; Packing List: "&C36&"; Draft B/L: "&D36) | K36: =IF(I36="","",IF(OR(F36="Critical",F36="High"),"🔴 Critical - Review Required","🟡 Warning - Review"))
I37: =IF(OR(B37="",C37="",D37=""),"",IF(AND(B37=C37,C37=D37),"",IF(AND(B37=C37,C37<>D37),"Packing List vs Draft B/L",IF(AND(C37=D37,B37<>C37),"Commercial Invoice vs Packing List",IF(AND(B37=D37,B37<>C37),"Commercial Invoice vs Draft B/L","Commercial Invoice vs Packing List vs Draft B/L (all differ)"))))) | J37: =IF(I37="","","Commercial Invoice: "&B37&"; Packing List: "&C37&"; Draft B/L: "&D37) | K37: =IF(I37="","",IF(OR(F37="Critical",F37="High"),"🔴 Critical - Review Required","🟡 Warning - Review"))
I38: =IF(OR(B38="",C38="",D38=""),"",IF(AND(B38=C38,C38=D38),"",IF(AND(B38=C38,C38<>D38),"Packing List vs Draft B/L",IF(AND(C38=D38,B38<>C38),"Commercial Invoice vs Packing List",IF(AND(B38=D38,B38<>C38),"Commercial Invoice vs Draft B/L","Commercial Invoice vs Packing List vs Draft B/L (all differ)"))))) | J38: =IF(I38="","","Commercial Invoice: "&B38&"; Packing List: "&C38&"; Draft B/L: "&D38) | K38: =IF(I38="","",IF(OR(F38="Critical",F38="High"),"🔴 Critical - Review Required","🟡 Warning - Review"))
I39: =IF(OR(B39="",C39="",D39=""),"",IF(AND(B39=C39,C39=D39),"",IF(AND(B39=C39,C39<>D39),"Packing List vs Draft B/L",IF(AND(C39=D39,B39<>C39),"Commercial Invoice vs Packing List",IF(AND(B39=D39,B39<>C39),"Commercial Invoice vs Draft B/L","Commercial Invoice vs Packing List vs Draft B/L (all differ)"))))) | J39: =IF(I39="","","Commercial Invoice: "&B39&"; Packing List: "&C39&"; Draft B/L: "&D39) | K39: =IF(I39="","",IF(OR(F39="Critical",F39="High"),"🔴 Critical - Review Required","🟡 Warning - Review"))
... I104: =IF(OR(B104="",C104="",D104=""),"",IF(AND(B104=C104,C104=D104),"",IF(AND(B104=C104,C104<>D104),"Packing List vs Draft B/L",IF(AND(C104=D104,B104<>C104),"Commercial Invoice vs Packing List",IF(AND(B104=D104,B104<>C104),"Commercial Invoice vs Draft B/L","Commercial Invoice vs Packing List vs Draft B/L (all differ)"))))) | J104: =IF(I104="","","Commercial Invoice: "&B104&"; Packing List: "&C104&"; Draft B/L: "&D104) | K104: =IF(I104="","",IF(OR(F104="Critical",F104="High"),"🔴 Critical - Review Required","🟡 Warning - Review"))
A106: Samim Craft — Export Shipment Control Workbook (v4) | certcraft25@gmail.com | Free validation build — not for redistribution

Sheet Exception_Log
A1: Export Shipment Control — Exception Log
A2: Validation asset — sample data included. Replace sample rows with your own test shipment data.
A4: Exception ID | B4: Shipment ID | C4: Document Pair | D4: Mismatched Field | E4: Description | F4: Severity | G4: Action Owner | H4: Resolution Status | I4: Resolution Notes
A5: EX-101 | B5: EXP-2026-001 | C5: Packing List vs Draft B/L | D5: Total Quantity | E5: Packing List: 1,000 pcs; Draft B/L: 950 pcs | F5: 🔴 Critical - Review Required | G5: Forwarder | H5: Open
A6: EX-102 | B6: EXP-2026-001 | C6: Commercial Invoice vs Draft B/L | D6: Buyer / Consignee | E6: Invoice: ABC Trading Co.; B/L: ABC Trading Ltd. | F6: 🟡 Warning - Review | G6: Documentation | H6: Pending Revision
A7: EX-103 | B7: EXP-2026-001 | C7: Commercial Invoice vs Draft B/L | D7: HS Code | E7: Invoice/PL: 6109.10.00; B/L: 6109.10 — review classification/format | F7: 🟡 Warning - Review | G7: Documentation | H7: Open
A8: EX-104 | B8: EXP-2026-001 | C8: Commercial Invoice vs Draft B/L | D8: Port of Discharge | E8: Invoice: Port Klang; B/L: Port Kelang — review naming/port reference | F8: 🟡 Warning - Review | G8: Documentation | H8: Open
A9: EX-105 | B9: EXP-2026-003 | C9: Packing List vs Logistics Log | D9: Gross vs Net Weight | E9: Gross weight: 7,000 kg; Net weight: 7,500 kg | F9: 🔴 Critical - Review Required | G9: Documentation | H9: Open
A106: Samim Craft — Export Shipment Control Workbook (v4) | certcraft25@gmail.com | Free validation build — not for redistribution
